<?xml version="1.0" encoding="UTF-8" standalone="no"?> 
<board schema_version="2.1" vendor="ykmmwave.com" name="b115eg" display_name="Zynq UltraScale+ b115eg Evaluation Board" url="www.ykmmwave.com" preset_file="preset.xml">
<images>
    <image name="b115eg_board.png" display_name="b115eg BOARD" sub_type="board">
      <description>b115eg Board File Image</description>
    </image>
  </images>
  <compatible_board_revisions>
	 <revision id="0">2.0</revision>
  </compatible_board_revisions>
  <file_version>2.0</file_version>
  <description>Zynq UltraScale+ b115eg Evaluation Board</description>
  <parameters>
    <parameter name="heat_sink_type" value="medium" value_type="string"/>
    <parameter name="heat_sink_temperature" value_type="range" value_min="20.0" value_max="30.0"/>
  </parameters>
  <jumpers>
  </jumpers>
  <components>
 

  
    <component name="part0" display_name="Zynq chip on board" type="fpga" part_name="xczu15eg-ffvb1156-2-i" pin_map_file="part0_pins.xml" vendor="xilinx" spec_url="www.xilinx.com/zcu102">
      <description>FPGA part on the board</description>
      <interfaces>
        <interface mode="master" name="ps8_fixedio" type="xilinx.com:zynq_ultra_ps_e:fixedio_rtl:1.0" of_component="ps8_fixedio" preset_proc="zynq_ultra_ps_e_preset"> 
          <preferred_ips>
            <preferred_ip vendor="xilinx.com" library="ip" name="zynq_ultra_ps_e" order="0"/>
          </preferred_ips>
        </interface>
	<interface mode="slave" name="user_si570_sysclk" type="xilinx.com:interface:diff_clock_rtl:1.0" of_component="user_si570_sysclk">
          <parameters>
            <parameter name="frequency" value="300000000"/>
          </parameters>
          <preferred_ips>
            <preferred_ip vendor="xilinx.com" library="ip" name="clk_wiz" order="0"/>
          </preferred_ips>
          <port_maps>
            <port_map logical_port="CLK_P" physical_port="user_si570_sysclk_p" dir="in">
              <pin_maps>
                <pin_map port_index="0" component_pin="user_si570_sysclk_p"/>
              </pin_maps>
            </port_map>
            <port_map logical_port="CLK_N" physical_port="user_si570_sysclk_n" dir="in">
              <pin_maps>
                <pin_map port_index="0" component_pin="user_si570_sysclk_n"/>
              </pin_maps>
            </port_map>
          </port_maps>
        </interface>
	
	<interface mode="master" name="iic0_pl" type="xilinx.com:interface:iic_rtl:1.0" of_component="iic0_pl">
          <preferred_ips>
            <preferred_ip vendor="xilinx.com" library="ip" name="axi_iic" order="0"/>
          </preferred_ips>
          <port_maps>
            <port_map logical_port="SDA_I" physical_port="iic0_main_sda_i" dir="inout">
              <pin_maps>
                <pin_map port_index="0" component_pin="IIC0_SDA_MAIN"/>
              </pin_maps>
            </port_map>
            <port_map logical_port="SDA_O" physical_port="iic0_main_sda_o" dir="inout">
              <pin_maps>
                <pin_map port_index="0" component_pin="IIC0_SDA_MAIN"/>
              </pin_maps>
            </port_map>
            <port_map logical_port="SDA_T" physical_port="iic0_main_sda_t" dir="inout">
              <pin_maps>
                <pin_map port_index="0" component_pin="IIC0_SDA_MAIN"/>
              </pin_maps>
            </port_map>
            <port_map logical_port="SCL_I" physical_port="iic0_main_scl_i" dir="inout">
              <pin_maps>
                <pin_map port_index="0" component_pin="IIC0_SCL_MAIN"/>
              </pin_maps>
            </port_map>
            <port_map logical_port="SCL_O" physical_port="iic0_main_scl_o" dir="inout">
              <pin_maps>
                <pin_map port_index="0" component_pin="IIC0_SCL_MAIN"/>
              </pin_maps>
            </port_map>
            <port_map logical_port="SCL_T" physical_port="iic0_main_scl_t" dir="inout">
              <pin_maps>
                <pin_map port_index="0" component_pin="IIC0_SCL_MAIN"/>
              </pin_maps>
            </port_map>
          </port_maps>
    </interface>	
		
		
		<interface mode="master" name="ddr4_sdram" type="xilinx.com:interface:ddr4_rtl:1.0" of_component="ddr4_sdram" preset_proc="ddr4_sdram_preset">
          <description>DDR4 board interface, it can use DDR4 controller IP for connection. </description>
          <preferred_ips>
            <preferred_ip vendor="xilinx.com" library="ip" name="ddr4" order="0"/>
          </preferred_ips>
          <port_maps>
            <port_map logical_port="ACT_N" physical_port="c0_ddr4_act_n" dir="out">
              <pin_maps>
                <pin_map port_index="0" component_pin="c0_ddr4_act_n"/>
              </pin_maps>
            </port_map>
            <port_map logical_port="ADR" physical_port="c0_ddr4_adr" dir="out" left="16" right="0">
              <pin_maps>
                <pin_map port_index="0" component_pin="c0_ddr4_adr0"/>
                <pin_map port_index="1" component_pin="c0_ddr4_adr1"/>
                <pin_map port_index="2" component_pin="c0_ddr4_adr2"/>
                <pin_map port_index="3" component_pin="c0_ddr4_adr3"/>
                <pin_map port_index="4" component_pin="c0_ddr4_adr4"/>
                <pin_map port_index="5" component_pin="c0_ddr4_adr5"/>
                <pin_map port_index="6" component_pin="c0_ddr4_adr6"/>
                <pin_map port_index="7" component_pin="c0_ddr4_adr7"/>
                <pin_map port_index="8" component_pin="c0_ddr4_adr8"/>
                <pin_map port_index="9" component_pin="c0_ddr4_adr9"/>
                <pin_map port_index="10" component_pin="c0_ddr4_adr10"/>
                <pin_map port_index="11" component_pin="c0_ddr4_adr11"/>
                <pin_map port_index="12" component_pin="c0_ddr4_adr12"/>
                <pin_map port_index="13" component_pin="c0_ddr4_adr13"/>
                <pin_map port_index="14" component_pin="c0_ddr4_adr14"/>
                <pin_map port_index="15" component_pin="c0_ddr4_adr15"/>
                <pin_map port_index="16" component_pin="c0_ddr4_adr16"/>
              </pin_maps>
            </port_map>
            <port_map logical_port="BA" physical_port="c0_ddr4_ba" dir="out" left="1" right="0">
              <pin_maps>
                <pin_map port_index="0" component_pin="c0_ddr4_ba0"/>
                <pin_map port_index="1" component_pin="c0_ddr4_ba1"/>
              </pin_maps>
            </port_map>
            <port_map logical_port="BG" physical_port="c0_ddr4_bg" dir="out">
              <pin_maps>
                <pin_map port_index="0" component_pin="c0_ddr4_bg"/>
              </pin_maps>
            </port_map>
            <port_map logical_port="CK_C" physical_port="c0_ddr4_ck_c" dir="out">
              <pin_maps>
                <pin_map port_index="0" component_pin="c0_ddr4_ck_c"/>
              </pin_maps>
            </port_map>
            <port_map logical_port="CK_T" physical_port="c0_ddr4_ck_t" dir="out">
              <pin_maps>
                <pin_map port_index="0" component_pin="c0_ddr4_ck_t"/>
              </pin_maps>
            </port_map>
            <port_map logical_port="CKE" physical_port="c0_ddr4_cke" dir="out">
              <pin_maps>
                <pin_map port_index="0" component_pin="c0_ddr4_cke"/>
              </pin_maps>
            </port_map>
            <port_map logical_port="CS_N" physical_port="c0_ddr4_cs_n" dir="out">
              <pin_maps>
                <pin_map port_index="0" component_pin="c0_ddr4_cs_n"/>
              </pin_maps>
            </port_map>
            <port_map logical_port="DM_N" physical_port="c0_ddr4_dm_dbi_n" dir="inout" left="1" right="0">
              <pin_maps>
                <pin_map port_index="0" component_pin="c0_ddr4_dm_dbi_n0"/>
                <pin_map port_index="1" component_pin="c0_ddr4_dm_dbi_n1"/>
              </pin_maps>
            </port_map>
            <port_map logical_port="DQ" physical_port="c0_ddr4_dq" dir="inout" left="15" right="0">
              <pin_maps>
                <pin_map port_index="0" component_pin="c0_ddr4_dq0"/>
                <pin_map port_index="1" component_pin="c0_ddr4_dq1"/>
                <pin_map port_index="2" component_pin="c0_ddr4_dq2"/>
                <pin_map port_index="3" component_pin="c0_ddr4_dq3"/>
                <pin_map port_index="4" component_pin="c0_ddr4_dq4"/>
                <pin_map port_index="5" component_pin="c0_ddr4_dq5"/>
                <pin_map port_index="6" component_pin="c0_ddr4_dq6"/>
                <pin_map port_index="7" component_pin="c0_ddr4_dq7"/>
                <pin_map port_index="8" component_pin="c0_ddr4_dq8"/>
                <pin_map port_index="9" component_pin="c0_ddr4_dq9"/>
                <pin_map port_index="10" component_pin="c0_ddr4_dq10"/>
                <pin_map port_index="11" component_pin="c0_ddr4_dq11"/>
                <pin_map port_index="12" component_pin="c0_ddr4_dq12"/>
                <pin_map port_index="13" component_pin="c0_ddr4_dq13"/>
                <pin_map port_index="14" component_pin="c0_ddr4_dq14"/>
                <pin_map port_index="15" component_pin="c0_ddr4_dq15"/>
              </pin_maps>
            </port_map>
            <port_map logical_port="DQS_C" physical_port="c0_ddr4_dqs_c" dir="inout" left="1" right="0">
              <pin_maps>
                <pin_map port_index="0" component_pin="c0_ddr4_dqs_c0"/>
                <pin_map port_index="1" component_pin="c0_ddr4_dqs_c1"/>
              </pin_maps>
            </port_map>
            <port_map logical_port="DQS_T" physical_port="c0_ddr4_dqs_t" dir="out" left="1" right="0">
              <pin_maps>
                <pin_map port_index="0" component_pin="c0_ddr4_dqs_t0"/>
                <pin_map port_index="1" component_pin="c0_ddr4_dqs_t1"/>
              </pin_maps>
            </port_map>
            <port_map logical_port="ODT" physical_port="c0_ddr4_odt" dir="out">
              <pin_maps>
                <pin_map port_index="0" component_pin="c0_ddr4_odt"/>
              </pin_maps>
            </port_map>
            <port_map logical_port="RESET_N" physical_port="c0_ddr4_reset_n" dir="out">
              <pin_maps>
                <pin_map port_index="0" component_pin="c0_ddr4_reset_n"/>
              </pin_maps>
            </port_map>
          </port_maps>
        </interface>

		<interface mode="master" name="led_1bits" type="xilinx.com:interface:gpio_rtl:1.0" of_component="led_1bits" preset_proc="led_1bits_preset">
          <preferred_ips>
            <preferred_ip vendor="xilinx.com" library="ip" name="axi_gpio" order="0"/>
          </preferred_ips>
          <port_maps>
            <port_map logical_port="TRI_O" physical_port="leds_1bits_tri_o" dir="out" >
              <pin_maps>
                <pin_map port_index="0" component_pin="GPIO_LED_0_LS"/>
              </pin_maps>
            </port_map>
          </port_maps>
        </interface>

       </interfaces>
    </component>
    <component name="ps8_fixedio" display_name="PS8 fixed IO" type="chip" sub_type="fixed_io" major_group=""/>
	<component name="user_si570_sysclk" display_name="User Programmable differential clock" type="chip" sub_type="system_clock" major_group="Clock Sources" part_name="SI5341B" vendor="Silicon Labs" spec_url="www.silabs.com">
      <description>SI570 based User programmable differential 300 MHz Clock. Can be used for DDR4 input system clock</description>
      <parameters>
        <parameter name="frequency" value="300000000"/>
      </parameters>
    </component>
  
	<component name="iic0_pl" display_name="PL IIC0" type="chip" sub_type="mux" major_group="Miscellaneous">
      <description>PL I2C0</description>
    </component>
  
    <component name="ddr4_sdram" display_name="DDR4 SDRAM" type="chip" sub_type="ddr" major_group="External Memory" part_name="MT40A512M16HA-075E" vendor="Micron" spec_url="https://www.micron.com/parts/dram/ddr4-sdram/mt40a512m16ha-075e">
      <description>DDR4 SDRAM memory SODIMM</description>
      <parameters>
        <parameter name="ddr_type" value="ddr4"/>
        <parameter name="size" value="4GB"/>
      </parameters>
    </component>



    <component name="led_1bits" display_name="LED" type="chip" sub_type="led" major_group="General Purpose Input or Output">
      <description>PL_LED</description>
    </component>


    </components>
  <jtag_chains>
    <jtag_chain name="chain1">
      <position name="0" component="part0"/>
    </jtag_chain>
  </jtag_chains>
  <connections>


	<connection name="part0_iic0_pl" component1="part0" component2="iic0_pl">
      <connection_map name="part0_iic0_pl" typical_delay="5" c1_st_index="6" c1_end_index="7" c2_st_index="0" c2_end_index="1"/>
    </connection>

    <connection name="part0_ddr_sdram" component1="part0" component2="ddr4_sdram">
      <connection_map name="part0_dip_switches_4bits_1" typical_delay="5" c1_st_index="10" c1_end_index="57" c2_st_index="0" c2_end_index="47"/>
    </connection>

  <connection name="part0_user_si570_sysclk" component1="part0" component2="user_si570_sysclk">
      <connection_map name="part0_user_si570_sysclk_1" typical_delay="5" c1_st_index="0" c1_end_index="1" c2_st_index="59" c2_end_index="60"/>
    </connection>

    <connection name="part0_led_1bits" component1="part0" component2="led_1bits">
      <connection_map name="part0_led_1bits_1" typical_delay="5" c1_st_index="69" c1_end_index="69" c2_st_index="0" c2_end_index="0"/>
    </connection>
 
	
  </connections> 
  
<ip_associated_rules>
  <ip_associated_rule name="default">
    <ip vendor="xilinx.com" library="ip" name="ddr4" version="*" ip_interface="C0_SYS_CLK">
      <associated_board_interfaces>
	<associated_board_interface name="user_si570_sysclk" order="0"/> 
      </associated_board_interfaces>
    </ip>
  </ip_associated_rule>
</ip_associated_rules>
</board>

