<?xml version="1.0" encoding="UTF-8" standalone="no"?> 
<part_info part_name="xczu15eg-ffvb1156-2-i">
<pins>
  
  <!--<pin index="0" name ="sysclk_p" iostandard="LVDS_25" loc="G21"/>
  <pin index="1" name ="sysclk_n" iostandard="LVDS_25" loc="F21"/>
  <pin index="2" name ="sysclk7425_p" iostandard="LVDS_25" loc="AK15"/>
  <pin index="3" name ="sysclk7425_n" iostandard="LVDS_25" loc="AK14"/> -->
  
  
  <pin index="6" name ="IIC0_SCL_MAIN" iostandard="LVCMOS33" loc="C30"/>
  <pin index="7" name ="IIC0_SDA_MAIN" iostandard="LVCMOS33" loc="C31"/>

  
  <pin index="10" name ="c0_ddr4_act_n" loc="L3"/>
  <pin index="11" name ="c0_ddr4_adr0" loc="P3"/>
  <pin index="12" name ="c0_ddr4_adr1" loc="P7"/>
  <pin index="13" name ="c0_ddr4_adr2" loc="R3"/>
  <pin index="14" name ="c0_ddr4_adr3" loc="N7"/>
  <pin index="15" name ="c0_ddr4_adr4" loc="N3"/>
  <pin index="16" name ="c0_ddr4_adr5" loc="P8"/>
  <pin index="17" name ="c0_ddr4_adr6" loc="P2"/>
  <pin index="18" name ="c0_ddr4_adr7" loc="R8"/>
  <pin index="19" name ="c0_ddr4_adr8" loc="R2"/>
  <pin index="20" name ="c0_ddr4_adr9" loc="R7"/>
  
  <pin index="21" name ="c0_ddr4_adr10" loc="M13" />
  <pin index="22" name ="c0_ddr4_adr11" loc="T2" />
  <pin index="23" name ="c0_ddr4_adr12" loc="M7" />
  <pin index="24" name ="c0_ddr4_adr13" loc="T8" />
  <pin index="25" name ="c0_ddr4_adr14" loc="L2" />
  <pin index="26" name ="c0_ddr4_adr15" loc="M8" />
  <pin index="27" name ="c0_ddr4_adr16" loc="L8" />
  
  <pin index="28" name ="c0_ddr4_ba0"  loc="N2"/>
  <pin index="29" name ="c0_ddr4_ba1"  loc="N8"/>
  <pin index="30" name ="c0_ddr4_bg"   loc="M2" />
  <pin index="31" name ="c0_ddr4_ck_c"  loc="K7"/>
  <pin index="32" name ="c0_ddr4_ck_t"  loc="K8"/>
  <pin index="33" name ="c0_ddr4_cke"   loc="K2"/>
  <pin index="34" name ="c0_ddr4_cs_n"  loc="L7"/>
  <pin index="35" name ="c0_ddr4_dm_dbi_n0" loc="E7" />
  <pin index="58" name ="c0_ddr4_dm_dbi_n1" loc="E2" />
  
  <pin index="36" name ="c0_ddr4_dq0"  loc="G2" />
  <pin index="37" name ="c0_ddr4_dq1"  loc="F7" />
  <pin index="38" name ="c0_ddr4_dq2"  loc="H3" />
  <pin index="39" name ="c0_ddr4_dq3"  loc="H7" />
  <pin index="40" name ="c0_ddr4_dq4"  loc="H2" />
  <pin index="41" name ="c0_ddr4_dq5"  loc="H8" />
  <pin index="42" name ="c0_ddr4_dq6"  loc="J3" />
  <pin index="43" name ="c0_ddr4_dq7"  loc="J7" />
  <pin index="44" name ="c0_ddr4_dq8"  loc="A3" />
  <pin index="45" name ="c0_ddr4_dq9"  loc="B8" />
  <pin index="46" name ="c0_ddr4_dq10" loc="C3" />
  <pin index="47" name ="c0_ddr4_dq11" loc="C7" />
  <pin index="48" name ="c0_ddr4_dq12" loc="C2" />
  <pin index="49" name ="c0_ddr4_dq13" loc="C8" />
  <pin index="50" name ="c0_ddr4_dq14" loc="D3" />
  <pin index="51" name ="c0_ddr4_dq15" loc="D7" />
  <pin index="52" name ="c0_ddr4_dqs_c0"  loc="G3" />
  <pin index="53" name ="c0_ddr4_dqs_c1"  loc="F3" />
  <pin index="54" name ="c0_ddr4_dqs_t1"  loc="B7" />
  <pin index="55" name ="c0_ddr4_dqs_t0"  loc="A7" />
  <pin index="56" name ="c0_ddr4_odt" loc="K3" />
  
  <pin index="57" name ="c0_ddr4_reset_n" iostandard="LVCMOS18" loc="P1" drive="8"/>
  
  <pin index="59" name ="user_si570_sysclk_p" iostandard="DIFF_SSTL12" loc="AF6"/>
  <pin index="60" name ="user_si570_sysclk_n" iostandard="DIFF_SSTL12" loc="AG6"/> 

  
  <pin index="69" name ="GPIO_LED_0_LS" iostandard="LVCMOS33" loc="AN13"/>

  


	
	</pins>
</part_info>
