<?xml version="1.0" encoding="UTF-8" standalone="no"?> 

<!-- Physical pin location and I/O standards for component interfaces described in board.xml -->
<part_info part_name="xc7z020clg400-1">
	<pins>
		<pin index="0" name ="leds_2bits_tri_o_0" iostandard="LVCMOS33" loc="W13"/>
		<pin index="1" name ="leds_2bits_tri_o_1" iostandard="LVCMOS33" loc="V12"/>
		<pin index="2" name ="btns_4bits_tri_i_0" iostandard="LVCMOS33" loc="R18"/>
		<pin index="3" name ="btns_4bits_tri_i_1" iostandard="LVCMOS33" loc="T17"/>
		<pin index="4" name ="btns_4bits_tri_i_2" iostandard="LVCMOS33" loc="R14"/>
		<pin index="5" name ="btns_4bits_tri_i_3" iostandard="LVCMOS33" loc="P14"/>		
		<pin index="6" name ="sws_2bits_tri_i_0" iostandard="LVCMOS33" loc="W19"/>
		<pin index="7" name ="sws_2bits_tri_i_1" iostandard="LVCMOS33" loc="W18"/>

	<!--	<pin index="8" name ="JA1" iostandard="LVCMOS33"   loc="Y7 "/>
		<pin index="9" name ="JA2" iostandard="LVCMOS33"   loc="Y9 "/>
		<pin index="10" name ="JA3" iostandard="LVCMOS33"  loc="W10"/>
		<pin index="11" name ="JA4" iostandard="LVCMOS33"  loc="W11"/>
		<pin index="12" name ="JA7" iostandard="LVCMOS33"  loc="Y6 "/>
		<pin index="13" name ="JA8" iostandard="LVCMOS33"  loc="Y8 "/>
		<pin index="14" name ="JA9" iostandard="LVCMOS33"  loc="W9 "/>
		<pin index="15" name ="JA10" iostandard="LVCMOS33" loc="Y11"/>
		
		<pin index="16" name ="JB1" iostandard="LVCMOS33"  loc="T11"/>
		<pin index="17" name ="JB2" iostandard="LVCMOS33"  loc="T12"/>
		<pin index="18" name ="JB3" iostandard="LVCMOS33"  loc="T16"/>
		<pin index="19" name ="JB4" iostandard="LVCMOS33"  loc="W14"/>
		<pin index="20" name ="JB7" iostandard="LVCMOS33"  loc="T10"/>
		<pin index="21" name ="JB8" iostandard="LVCMOS33"  loc="U12"/>
		<pin index="22" name ="JB9" iostandard="LVCMOS33"  loc="U17"/>
		<pin index="23" name ="JB10" iostandard="LVCMOS33" loc="Y14"/>

		<pin index="24" name ="JC1" iostandard="LVCMOS33"  loc="V15"/>
		<pin index="25" name ="JC2" iostandard="LVCMOS33"  loc="Y16"/>
		<pin index="26" name ="JC3" iostandard="LVCMOS33"  loc="V20"/>
		<pin index="27" name ="JC4" iostandard="LVCMOS33"  loc="R16"/>
		<pin index="28" name ="JC7" iostandard="LVCMOS33"  loc="W15"/>
		<pin index="29" name ="JC8" iostandard="LVCMOS33"  loc="Y17"/>
		<pin index="30" name ="JC9" iostandard="LVCMOS33"  loc="W20"/>
		<pin index="31" name ="JC10" iostandard="LVCMOS33" loc="R17"/>
		
		<pin index="32" name ="JD1"  iostandard="LVCMOS33"  loc="M19"/>
		<pin index="33" name ="JD2"  iostandard="LVCMOS33"  loc="L19"/>
		<pin index="34" name ="JD3"  iostandard="LVCMOS33"  loc="N15"/>
		<pin index="35" name ="JD4"  iostandard="LVCMOS33"  loc="L16"/>
		<pin index="36" name ="JD7"  iostandard="LVCMOS33"  loc="M20"/>
		<pin index="37" name ="JD8"  iostandard="LVCMOS33"  loc="L20"/>
		<pin index="38" name ="JD9"  iostandard="LVCMOS33"  loc="N16"/>
		<pin index="39" name ="JD10" iostandard="LVCMOS33"  loc="L17"/>		-->

		<pin index="40" name ="pmoda_tri_i_0" iostandard="LVCMOS33" loc="Y7 "/>
		<pin index="41" name ="pmoda_tri_i_1" iostandard="LVCMOS33" loc="Y9 "/>
		<pin index="42" name ="pmoda_tri_i_2" iostandard="LVCMOS33" loc="W10"/>
		<pin index="43" name ="pmoda_tri_i_3" iostandard="LVCMOS33" loc="W11"/>
		<pin index="44" name ="pmoda_tri_i_4" iostandard="LVCMOS33" loc="Y6 "/>
		<pin index="45" name ="pmoda_tri_i_5" iostandard="LVCMOS33" loc="Y8 "/>
		<pin index="46" name ="pmoda_tri_i_6" iostandard="LVCMOS33" loc="W9 "/>
		<pin index="47" name ="pmoda_tri_i_7" iostandard="LVCMOS33" loc="Y11"/>

		<pin index="48" name ="pmodb_tri_i_0" iostandard="LVCMOS33" loc="T11"/>
		<pin index="49" name ="pmodb_tri_i_1" iostandard="LVCMOS33" loc="T12"/>
		<pin index="50" name ="pmodb_tri_i_2" iostandard="LVCMOS33" loc="T16"/>
		<pin index="51" name ="pmodb_tri_i_3" iostandard="LVCMOS33" loc="W14"/>
		<pin index="52" name ="pmodb_tri_i_4" iostandard="LVCMOS33" loc="T10"/>
		<pin index="53" name ="pmodb_tri_i_5" iostandard="LVCMOS33" loc="U12"/>
		<pin index="54" name ="pmodb_tri_i_6" iostandard="LVCMOS33" loc="U17"/>
		<pin index="55" name ="pmodb_tri_i_7" iostandard="LVCMOS33" loc="Y14"/>

		<pin index="56" name ="pmodc_tri_i_0" iostandard="LVCMOS33" loc="V15"/>
		<pin index="57" name ="pmodc_tri_i_1" iostandard="LVCMOS33" loc="Y16"/>
		<pin index="58" name ="pmodc_tri_i_2" iostandard="LVCMOS33" loc="V20"/>
		<pin index="59" name ="pmodc_tri_i_3" iostandard="LVCMOS33" loc="R16"/>
		<pin index="60" name ="pmodc_tri_i_4" iostandard="LVCMOS33" loc="W15"/>
		<pin index="61" name ="pmodc_tri_i_5" iostandard="LVCMOS33" loc="Y17"/>
		<pin index="62" name ="pmodc_tri_i_6" iostandard="LVCMOS33" loc="W20"/>
		<pin index="63" name ="pmodc_tri_i_7" iostandard="LVCMOS33" loc="R17"/>

		<pin index="64" name ="pmodd_tri_i_0" iostandard="LVCMOS33" loc="M19"/>
		<pin index="65" name ="pmodd_tri_i_1" iostandard="LVCMOS33" loc="L19"/>
		<pin index="66" name ="pmodd_tri_i_2" iostandard="LVCMOS33" loc="N15"/>
		<pin index="67" name ="pmodd_tri_i_3" iostandard="LVCMOS33" loc="L16"/>
		<pin index="68" name ="pmodd_tri_i_4" iostandard="LVCMOS33" loc="M20"/>
		<pin index="69" name ="pmodd_tri_i_5" iostandard="LVCMOS33" loc="L20"/>
		<pin index="70" name ="pmodd_tri_i_6" iostandard="LVCMOS33" loc="N16"/>
		<pin index="71" name ="pmodd_tri_i_7" iostandard="LVCMOS33" loc="L17"/>
		
		<pin index="72" name ="uart_tx_tri_o_0" iostandard="LVCMOS33" loc="F17"/>
		<pin index="73" name ="uart_rx_tri_o_0" iostandard="LVCMOS33" loc="F16"/>	
		
		<pin index="74" name ="TMDS_OUT_clk_p"    iostandard="LVCMOS33" loc="E18"/>
		<pin index="75" name ="TMDS_OUT_clk_n"    iostandard="LVCMOS33" loc="E19"/>
		<pin index="76" name ="TMDS_OUT_data_p_0" iostandard="LVCMOS33" loc="G17"/>
		<pin index="77" name ="TMDS_OUT_data_p_1" iostandard="LVCMOS33" loc="J18"/>
		<pin index="78" name ="TMDS_OUT_data_p_2" iostandard="LVCMOS33" loc="K19"/>
		<pin index="79" name ="TMDS_OUT_data_n_0" iostandard="LVCMOS33" loc="G18"/>
		<pin index="80" name ="TMDS_OUT_data_n_1" iostandard="LVCMOS33" loc="H18"/>
		<pin index="81" name ="TMDS_OUT_data_n_2" iostandard="LVCMOS33" loc="J19"/>
		<pin index="82" name ="hdmi_tx_hpd" iostandard="LVCMOS33" loc="F20"/>		
		<pin index="83" name ="hdmi_tx_scl" iostandard="LVCMOS33" loc="D18"/>
		<pin index="84" name ="hdmi_tx_sda" iostandard="LVCMOS33" loc="K14"/>	

		<pin index="85" name ="TMDS_IN_clk_p"    iostandard="LVCMOS33" loc="V16"/>
		<pin index="86" name ="TMDS_IN_clk_n"    iostandard="LVCMOS33" loc="W16"/>
		<pin index="87" name ="TMDS_IN_data_p_0" iostandard="LVCMOS33" loc="D19"/>
		<pin index="88" name ="TMDS_IN_data_p_1" iostandard="LVCMOS33" loc="C20"/>
		<pin index="89" name ="TMDS_IN_data_p_2" iostandard="LVCMOS33" loc="B19"/>
		<pin index="90" name ="TMDS_IN_data_n_0" iostandard="LVCMOS33" loc="D20"/>
		<pin index="91" name ="TMDS_IN_data_n_1" iostandard="LVCMOS33" loc="B20"/>
		<pin index="92" name ="TMDS_IN_data_n_2" iostandard="LVCMOS33" loc="A20"/>
		<pin index="93" name ="hdmi_rx_hpd" 	 iostandard="LVCMOS33" loc="H16"/>		
		<pin index="94" name ="hdmi_rx_scl" 	 iostandard="LVCMOS33" loc="K16"/>
		<pin index="95" name ="hdmi_rx_sda" 	 iostandard="LVCMOS33" loc="J16"/>	

		<pin index="96"  name ="lcd_b_tri_i_0"   iostandard="LVCMOS33" loc="J20"/>
		<pin index="97"  name ="lcd_b_tri_i_1"   iostandard="LVCMOS33" loc="P19"/>
		<pin index="98"  name ="lcd_b_tri_i_2"   iostandard="LVCMOS33" loc="N18"/>
		<pin index="99"  name ="lcd_b_tri_i_3"   iostandard="LVCMOS33" loc="K17"/>
		<pin index="100" name ="lcd_b_tri_i_4" 	 iostandard="LVCMOS33" loc="P20"/>

		<pin index="101"  name ="lcd_g_tri_i_0"   iostandard="LVCMOS33" loc="T14"/>
		<pin index="102"  name ="lcd_g_tri_i_1"   iostandard="LVCMOS33" loc="U15"/>
		<pin index="103"  name ="lcd_g_tri_i_2"   iostandard="LVCMOS33" loc="U14"/>
		<pin index="104"  name ="lcd_g_tri_i_3"   iostandard="LVCMOS33" loc="K18"/>
		<pin index="105"  name ="lcd_g_tri_i_4"   iostandard="LVCMOS33" loc="H20"/>
		<pin index="106"  name ="lcd_g_tri_i_5"   iostandard="LVCMOS33" loc="M17"/>

		<pin index="107"  name ="lcd_r_tri_i_0"   iostandard="LVCMOS33" loc="Y19"/>
		<pin index="108"  name ="lcd_r_tri_i_1"   iostandard="LVCMOS33" loc="U19"/>
		<pin index="109"  name ="lcd_r_tri_i_2"   iostandard="LVCMOS33" loc="M18"/>
		<pin index="110"  name ="lcd_r_tri_i_3"   iostandard="LVCMOS33" loc="V13"/>
		<pin index="111"  name ="lcd_r_tri_i_4"   iostandard="LVCMOS33" loc="T15"/>
	
		<pin index="112"  name ="lcd_hs"   		 iostandard="LVCMOS33" loc="T20"/>
		<pin index="113"  name ="lcd_vs"   		 iostandard="LVCMOS33" loc="M15"/>
		<pin index="114"  name ="lcd_de"   		 iostandard="LVCMOS33" loc="U20"/>
		<pin index="115"  name ="lcd_bl"   		 iostandard="LVCMOS33" loc="V17"/>
		<pin index="116"  name ="lcd_clk"   	 iostandard="LVCMOS33" loc="M14"/>

		<pin index="117"  name ="lcd_scl"   	 iostandard="LVCMOS33" loc="P15"/>
		<pin index="118"  name ="lcd_sda"   	 iostandard="LVCMOS33" loc="P16"/>
		<pin index="119"  name ="ct_rst"   		 iostandard="LVCMOS33" loc="P18"/>
		<pin index="120"  name ="ct_int"   	 	 iostandard="LVCMOS33" loc="N17"/>

	</pins>
</part_info>
